FID,OBJECTID,Shape_Leng,Shape_Area,zone,LocationID,borough,X,Y,Name,num_L1,num_L2,num_DC
0,2,0.433469666790000,0.004866340380000,Jamaica Bay,2,Queens,-73.831299929799997,40.616753535299999,Queens,0,0,0
1,3,0.084341105900000,0.000314414160000,Allerton/Pelham Gardens,3,Bronx,-73.847423639300004,40.864481976400000,Bronx,0,0,0
2,4,0.043566527090000,0.000111871950000,Alphabet City,4,Manhattan,-73.976969696799998,40.723760401100002,Downtown Manhattan,0,0,0
3,5,0.092146489860000,0.000497957490000,Arden Heights,5,Staten Island,-74.188485599000003,40.552667505499997,Staten Island,0,0,0
4,6,0.150490542520000,0.000606460980000,Arrochar/Fort Wadsworth,6,Staten Island,-74.071772021699999,40.600332378099999,Staten Island,0,0,0
5,7,0.107417171120000,0.000389787990000,Astoria,7,Queens,-73.919695743299997,40.761500831100001,Queens,0,12,0
6,8,0.027590691160000,0.000026587720000,Astoria Park,8,Queens,-73.923087583400005,40.778566925900002,Queens,0,0,0
7,9,0.099784092470000,0.000338443800000,Auburndale,9,Queens,-73.787950258699993,40.751043297099997,Queens,0,0,1
8,10,0.099839479420000,0.000435823820000,Baisley Park,10,Queens,-73.790987737500004,40.678961567400002,Queens,0,0,0
9,11,0.079211038960000,0.000264520540000,Bath Beach,11,Brooklyn,-74.007489600400007,40.604281075099998,Brooklyn,0,0,0
10,12,0.036661301360000,0.000041511620000,Battery Park,12,Manhattan,-74.015564963499997,40.702954089099997,Downtown Manhattan,0,0,0
11,13,0.050281322860000,0.000149358590000,Battery Park City,13,Manhattan,-74.016080603600003,40.712046413000003,Downtown Manhattan,0,24,0
12,14,0.175213698050000,0.001381778260000,Bay Ridge,14,Brooklyn,-74.029893825000002,40.624843161900003,Brooklyn,0,6,0
13,15,0.144336222620000,0.000925219400000,Bay Terrace/Fort Totten,15,Queens,-73.785973661000000,40.783341325199999,Queens,0,0,0
14,16,0.141291873770000,0.000871889450000,Bayside,16,Queens,-73.773423195899994,40.762746649800000,Queens,0,1,0
15,17,0.093522632950000,0.000322957650000,Bedford,17,Brooklyn,-73.949906464300000,40.691515749099999,Brooklyn,0,0,0
16,18,0.069799549860000,0.000148850160000,Bedford Park,18,Bronx,-73.890184709500005,40.867690746800001,Bronx,0,3,0
17,19,0.101824875450000,0.000546661090000,Bellerose,19,Queens,-73.726656735700004,40.735495050399997,Queens,0,0,0
18,20,0.051440192440000,0.000134512630000,Belmont,20,Bronx,-73.885868899900004,40.857787964400003,Bronx,0,0,0
19,21,0.115973569060000,0.000380251350000,Bensonhurst East,21,Brooklyn,-73.983538531299999,40.601437675200003,Brooklyn,0,0,0
20,22,0.126170229200000,0.000472062680000,Bensonhurst West,22,Brooklyn,-73.995260018899998,40.612226494799998,Brooklyn,0,0,0
21,23,0.290556028960000,0.002195565760000,Bloomfield/Emerson Hill,23,Staten Island,-74.170888376400001,40.606455930800003,Staten Island,0,1,0
22,24,0.046999961930000,0.000060723570000,Bloomingdale,24,Manhattan,-73.965480956099995,40.801978769199998,Upper West Side,0,0,0
23,25,0.047145819930000,0.000124168270000,Boerum Hill,25,Brooklyn,-73.986115262599995,40.685641993099999,Brooklyn,0,15,0
24,26,0.123547807070000,0.000534039930000,Borough Park,26,Brooklyn,-73.988662668800004,40.630957896200002,Brooklyn,0,0,0
25,27,0.202508808520000,0.001340887630000,Breezy Point/Fort Tilden/Riis Beach,27,Queens,-73.906909729899994,40.559141509200003,Queens,0,0,0
26,28,0.097960782210000,0.000291203930000,Briarwood/Jamaica Hills,28,Queens,-73.808730401600002,40.711604620999999,Queens,0,1,0
27,29,0.071408312770000,0.000201673840000,Brighton Beach,29,Brooklyn,-73.961218194899999,40.580930203999998,Brooklyn,0,1,0
28,30,0.094509766980000,0.000145862110000,Broad Channel,30,Queens,-73.821928339799996,40.603695683500000,Queens,0,0,0
29,31,0.096424566650000,0.000333975930000,Bronx Park,31,Bronx,-73.875477365999998,40.857754970300000,Bronx,0,8,0
30,32,0.054267216010000,0.000150879170000,Bronxdale,32,Bronx,-73.864902411200006,40.864010497000002,Bronx,0,0,0
31,33,0.053270293200000,0.000147416800000,Brooklyn Heights,33,Brooklyn,-73.995251564000000,40.695806474699999,Brooklyn,0,17,0
32,34,0.065705932350000,0.000173946150000,Brooklyn Navy Yard,34,Brooklyn,-73.971190128999993,40.700863993799999,Brooklyn,0,10,0
33,35,0.085787918590000,0.000323825200000,Brownsville,35,Brooklyn,-73.910259246300001,40.664011368099999,Brooklyn,0,0,0
34,36,0.087050786710000,0.000247666140000,Bushwick North,36,Brooklyn,-73.917711950799998,40.700530456599999,Brooklyn,0,0,0
35,37,0.142810040470000,0.000452062640000,Bushwick South,37,Brooklyn,-73.922241442300006,40.695002574299998,Brooklyn,0,0,0
36,38,0.083217568520000,0.000327392680000,Cambria Heights,38,Queens,-73.735555631400004,40.694349729400003,Queens,0,0,0
37,39,0.132369620760000,0.000900282940000,Canarsie,39,Brooklyn,-73.899736366699997,40.638045384599998,Brooklyn,0,0,0
38,40,0.051850664880000,0.000108949210000,Carroll Gardens,40,Brooklyn,-73.995957634199996,40.679207264299997,Brooklyn,0,7,0
39,41,0.052793109450000,0.000143093040000,Central Harlem,41,Manhattan,-73.951293438999997,40.804342226000003,Upper Manhattan,0,3,0
40,42,0.092709227460000,0.000263896950000,Central Harlem North,42,Manhattan,-73.940773101600001,40.818266140399999,Upper Manhattan,0,4,0
41,43,0.099738618360000,0.000379662910000,Central Park,43,Manhattan,-73.965555005200002,40.782486371200001,Midtown Manhattan,0,1,0
42,44,0.235688967590000,0.001944656490000,Charleston/Tottenville,44,Staten Island,-74.233535059299996,40.525502793400001,Staten Island,0,0,12
43,45,0.045906862620000,0.000091359470000,Chinatown,45,Manhattan,-73.998152945000001,40.712467568400001,Downtown Manhattan,0,0,0
44,47,0.089827556330000,0.000163198120000,Claremont/Bathgate,47,Bronx,-73.900317328400007,40.842757461600002,Bronx,0,0,0
45,48,0.043746744140000,0.000094253840000,Clinton East,48,Manhattan,-73.989846089500006,40.762261021999997,Midtown Manhattan,0,18,0
46,49,0.075290018340000,0.000203185530000,Clinton Hill,49,Brooklyn,-73.962364971200003,40.687975710200000,Brooklyn,0,6,0
47,50,0.055747986750000,0.000173249280000,Clinton West,50,Manhattan,-73.995136669000004,40.766245992300000,Midtown Manhattan,0,12,1
48,51,0.095361344230000,0.000395756550000,Co-Op City,51,Bronx,-73.828265074399994,40.873981349099999,Bronx,0,0,12
49,52,0.028907671010000,0.000045202750000,Cobble Hill,52,Brooklyn,-73.996725475700003,40.686659493299999,Brooklyn,0,0,0
50,53,0.161500913390000,0.000947530980000,College Point,53,Queens,-73.842814895800004,40.780920631199997,Queens,0,8,0
51,54,0.076219244860000,0.000132452130000,Columbia Street,54,Brooklyn,-74.002912723400001,40.687208998800003,Brooklyn,0,0,0
52,55,0.149956807520000,0.000736274710000,Coney Island,55,Brooklyn,-73.987944868599996,40.576968983999997,Brooklyn,0,0,0
53,56,0.056847812670000,0.000180907840000,Corona,56,Queens,-73.858846652500006,40.741415042000000,Queens,0,0,0
54,57,0.019270504860000,0.000018025980000,Corona,56,Queens,-73.853582962399997,40.751827636400002,Queens,0,0,0
55,58,0.059855409490000,0.000204980930000,Country Club,58,Bronx,-73.820394589399996,40.841460388800002,Bronx,0,0,0
56,59,0.037794807090000,0.000062876520000,Crotona Park,59,Bronx,-73.894987305499996,40.838558573400000,Bronx,0,0,0
57,60,0.078648287820000,0.000161833280000,Crotona Park East,60,Bronx,-73.885901451600006,40.833998761600000,Bronx,0,0,0
58,61,0.117310808100000,0.000510772090000,Crown Heights North,61,Brooklyn,-73.939288483499993,40.674477669500000,Brooklyn,0,2,0
59,62,0.082259335980000,0.000158238170000,Crown Heights South,62,Brooklyn,-73.948789966700005,40.666548655100001,Brooklyn,0,0,0
60,63,0.119100721880000,0.000353190910000,Cypress Hills,63,Brooklyn,-73.878174016299994,40.683848017099997,Brooklyn,0,1,0
61,64,0.184451884740000,0.001057902850000,Douglaston,64,Queens,-73.739338515900002,40.760623880399997,Queens,0,0,0
62,65,0.044607068370000,0.000081803880000,Downtown Brooklyn/MetroTech,65,Brooklyn,-73.986087446100001,40.695345783100002,Brooklyn,0,32,0
63,66,0.054633459360000,0.000108378860000,DUMBO/Vinegar Hill,66,Brooklyn,-73.985703057199999,40.702267193899999,Brooklyn,0,8,0
64,67,0.099747078160000,0.000394282270000,Dyker Heights,67,Brooklyn,-74.013802932800004,40.619627705699997,Brooklyn,0,0,0
65,68,0.049337379560000,0.000111073380000,East Chelsea,68,Manhattan,-73.999918868999998,40.748435818700003,Midtown Manhattan,0,11,0
66,69,0.078989645050000,0.000199051600000,East Concourse/Concourse Village,69,Bronx,-73.915030722099999,40.831424979900000,Bronx,0,0,0
67,70,0.063840318340000,0.000195458480000,East Elmhurst,70,Queens,-73.868397005899993,40.763360472300000,Queens,0,2,0
68,71,0.093169455180000,0.000382572590000,East Flatbush/Farragut,71,Brooklyn,-73.937967693199994,40.644296419699998,Brooklyn,0,0,0
69,72,0.095202069520000,0.000323532460000,East Flatbush/Remsen Village,72,Brooklyn,-73.922252392100006,40.652373051600001,Brooklyn,0,0,0
70,73,0.085302020910000,0.000291799750000,East Flushing,73,Queens,-73.807295569499999,40.754117158299998,Queens,0,0,0
71,74,0.110290936250000,0.000295038420000,East Harlem North,74,Manhattan,-73.937347040000006,40.801177756700000,Upper Manhattan,0,0,0
72,75,0.087663899770000,0.000240563930000,East Harlem South,75,Manhattan,-73.945751701399999,40.790019025100001,Upper Manhattan,0,13,0
73,76,0.241203016270000,0.001266601430000,East New York,76,Brooklyn,-73.876822015299993,40.660943447299999,Brooklyn,0,0,0
74,77,0.075461081440000,0.000191917980000,East New York/Pennsylvania Avenue,77,Brooklyn,-73.895365527799996,40.666567190199999,Brooklyn,0,0,0
75,78,0.093594449580000,0.000191114420000,East Tremont,78,Bronx,-73.885523233800001,40.844968696599999,Bronx,0,0,0
76,79,0.042624911310000,0.000107893070000,East Village,79,Manhattan,-73.985938899800004,40.727628455900003,Downtown Manhattan,0,9,0
77,80,0.117212621450000,0.000407322460000,East Williamsburg,80,Brooklyn,-73.936794571400000,40.715378141499997,Brooklyn,0,0,0
78,81,0.197592771730000,0.000399566550000,Eastchester,81,Bronx,-73.836644748500007,40.880943706700002,Bronx,0,0,0
79,82,0.119875649700000,0.000323601080000,Elmhurst,82,Queens,-73.877119741700000,40.739503912899998,Queens,0,1,13
80,83,0.105984933270000,0.000217463720000,Elmhurst/Maspeth,83,Queens,-73.892174794699997,40.738332079199999,Queens,0,4,0
81,84,0.233623987030000,0.002073755720000,Eltingville/Annadale/Prince's Bay,84,Staten Island,-74.187675830200007,40.528694660399999,Staten Island,0,6,0
82,85,0.057475147360000,0.000143637800000,Erasmus,85,Brooklyn,-73.951624609700005,40.646124592100001,Brooklyn,0,0,0
83,86,0.134245282580000,0.000623278820000,Far Rockaway,86,Queens,-73.755245058400007,40.602441036899997,Queens,0,0,0
84,87,0.036901549610000,0.000067205020000,Financial District North,87,Manhattan,-74.007497434200005,40.706816706799998,Downtown Manhattan,0,10,0
85,88,0.035204603530000,0.000057299950000,Financial District South,88,Manhattan,-74.011516478900006,40.703366157600001,Downtown Manhattan,0,0,0
86,89,0.122794569550000,0.000447548140000,Flatbush/Ditmas Park,89,Brooklyn,-73.960969678599994,40.637908366799998,Brooklyn,0,0,0
87,90,0.030759162080000,0.000055313250000,Flatiron,90,Manhattan,-73.996972862999996,40.742286891500001,Midtown Manhattan,0,17,0
88,91,0.124996624580000,0.000537330010000,Flatlands,91,Brooklyn,-73.930098431199994,40.626281005400003,Brooklyn,0,0,0
89,92,0.117830066800000,0.000374946620000,Flushing,92,Queens,-73.828860093499998,40.761110461900003,Queens,0,24,7
90,93,0.170998027600000,0.000594278180000,Flushing Meadows-Corona Park,93,Queens,-73.840868659600005,40.740684139800003,Queens,0,0,0
91,94,0.049832608310000,0.000062581940000,Fordham South,94,Bronx,-73.899537357599996,40.858163484800002,Bronx,0,0,0
92,95,0.113629605480000,0.000572770340000,Forest Hills,95,Queens,-73.847670810200000,40.721440538700001,Queens,0,18,0
93,96,0.185180248090000,0.000547566250000,Forest Park/Highland Park,96,Queens,-73.871559829700004,40.697008871100003,Queens,0,0,0
94,97,0.062476014740000,0.000163303970000,Fort Greene,97,Brooklyn,-73.974883523399996,40.690795047400002,Brooklyn,0,14,12
95,98,0.121661018280000,0.000485773020000,Fresh Meadows,98,Queens,-73.777254843199998,40.734470896799998,Queens,0,0,0
96,99,0.183371489300000,0.001210164640000,Freshkills Park,99,Staten Island,-74.186420010999996,40.576781858899999,Staten Island,0,0,0
97,100,0.024813109030000,0.000037470020000,Garment District,100,Manhattan,-73.988788044600000,40.753521023700003,Midtown Manhattan,0,2,0
98,101,0.101709836280000,0.000452342530000,Glen Oaks,101,Queens,-73.711027342899996,40.746002091599998,Queens,0,0,0
99,102,0.136900484650000,0.000296595470000,Glendale,102,Queens,-73.875737173299996,40.703553869899999,Queens,0,0,10
100,106,0.049211011980000,0.000113616830000,Gowanus,106,Brooklyn,-73.990648714800002,40.673521046099999,Brooklyn,0,11,0
101,107,0.038041364590000,0.000074611220000,Gramercy,107,Manhattan,-73.984053575600001,40.736832319500003,Midtown Manhattan,0,17,0
102,108,0.111171412270000,0.000352866010000,Gravesend,108,Brooklyn,-73.981432583300005,40.588411698100003,Brooklyn,0,0,0
103,109,0.178267819600000,0.001169600760000,Great Kills,109,Staten Island,-74.150891292699995,40.551871217799999,Staten Island,0,0,0
104,110,0.103946292910000,0.000525745100000,Great Kills Park,110,Staten Island,-74.128343919900004,40.545788535900002,Staten Island,0,0,0
105,111,0.059930880070000,0.000208683280000,Green-Wood Cemetery,111,Brooklyn,-73.990235944099993,40.652145515500003,Brooklyn,0,0,0
106,112,0.107267875770000,0.000462068670000,Greenpoint,112,Brooklyn,-73.949541736300006,40.729514545900003,Brooklyn,0,15,0
107,113,0.032745350570000,0.000057963460000,Greenwich Village North,113,Manhattan,-73.994306216499993,40.732587333700003,Downtown Manhattan,0,23,0
108,114,0.031727034770000,0.000047020770000,Greenwich Village South,114,Manhattan,-73.997381706900001,40.728348651099999,Downtown Manhattan,0,7,0
109,115,0.116169413960000,0.000373168990000,Grymes Hill/Clifton,115,Staten Island,-74.087840278700000,40.617979610799999,Staten Island,0,0,0
110,116,0.068116484430000,0.000260415340000,Hamilton Heights,116,Manhattan,-73.948523167199994,40.827020935699998,Upper Manhattan,0,0,0
111,117,0.169885857990000,0.000904294270000,Hammels/Arverne,117,Queens,-73.789623454600004,40.594066993399998,Queens,0,0,0
112,118,0.243966217690000,0.001826939230000,Heartland Village/Todt Hill,118,Staten Island,-74.132980206599996,40.586562853799997,Staten Island,0,10,0
113,119,0.083507035570000,0.000185779450000,Highbridge,119,Bronx,-73.926158666700005,40.837835275400003,Bronx,0,0,0
114,120,0.083261270220000,0.000093146280000,Highbridge Park,120,Manhattan,-73.930183629799998,40.846676033599998,Upper Manhattan,0,0,0
115,121,0.096915337340000,0.000384563290000,Hillcrest/Pomonok,121,Queens,-73.802445666099999,40.728341589499998,Queens,0,0,0
116,122,0.066531843940000,0.000226597100000,Hollis,122,Queens,-73.761138367200004,40.710647548799997,Queens,0,0,0
117,123,0.083421138940000,0.000296445170000,Homecrest,123,Brooklyn,-73.964335099699994,40.599962528200003,Brooklyn,0,0,0
118,124,0.127724410060000,0.000754837820000,Howard Beach,124,Queens,-73.844919977999993,40.658256212600001,Queens,0,0,0
119,125,0.049732212180000,0.000076429320000,Hudson Sq,125,Manhattan,-74.007487267800002,40.726298669300000,Downtown Manhattan,0,1,0
120,126,0.129948726060000,0.000703273830000,Hunts Point,126,Bronx,-73.885538937400000,40.812082738599997,Bronx,0,0,0
121,127,0.060018885580000,0.000163195650000,Inwood,127,Manhattan,-73.919309665900002,40.866083290200002,Upper Manhattan,0,8,0
122,128,0.070209029070000,0.000207405980000,Inwood Hill Park,128,Manhattan,-73.924371249199993,40.872387100099999,Upper Manhattan,0,0,0
123,129,0.093272727340000,0.000473988330000,Jackson Heights,129,Queens,-73.885318653200002,40.757320332399999,Queens,0,6,1
124,130,0.142028320670000,0.000468322510000,Jamaica,130,Queens,-73.793981038300004,40.704377039599997,Queens,0,10,0
125,131,0.116547120920000,0.000423696150000,Jamaica Estates,131,Queens,-73.776102136700004,40.720663504699999,Queens,0,0,0
126,132,0.245478517070000,0.002038300950000,JFK Airport,132,Queens,-73.786534357600004,40.646993143499998,Queens,0,10,12
127,133,0.065134863160000,0.000157188990000,Kensington,133,Brooklyn,-73.976200424100000,40.640598314000002,Brooklyn,0,0,0
128,134,0.069587822330000,0.000202375180000,Kew Gardens,134,Queens,-73.828713857400004,40.708059259700001,Queens,0,9,0
129,135,0.121793045660000,0.000467912240000,Kew Gardens Hills,135,Queens,-73.821197294100003,40.728385949200003,Queens,0,2,0
130,136,0.090628715410000,0.000148524990000,Kingsbridge Heights,136,Bronx,-73.905912608400001,40.865272481300003,Bronx,0,0,0
131,137,0.046107624270000,0.000116455100000,Kips Bay,137,Manhattan,-73.976496164500006,40.740447241399998,Midtown Manhattan,0,13,0
132,138,0.107466933510000,0.000536797290000,LaGuardia Airport,138,Queens,-73.873630052699994,40.774383979000000,Queens,0,9,0
133,139,0.093299788450000,0.000446669880000,Laurelton,139,Queens,-73.744235714200002,40.677106056400000,Queens,0,0,0
134,140,0.047584291130000,0.000114203910000,Lenox Hill East,140,Manhattan,-73.954740219100003,40.765492356400003,Upper East Side,0,20,0
135,141,0.041514463870000,0.000076654560000,Lenox Hill West,141,Manhattan,-73.959636178400004,40.766956485000001,Upper East Side,0,38,0
136,142,0.038175894230000,0.000075653790000,Lincoln Square East,142,Manhattan,-73.981533650800003,40.773641562199998,Upper West Side,0,25,0
137,143,0.054179853880000,0.000151094270000,Lincoln Square West,143,Manhattan,-73.987646995899993,40.775973498200003,Upper West Side,0,15,0
138,144,0.027620166850000,0.000047478970000,Little Italy/NoLiTa,144,Manhattan,-73.996919987900000,40.720897151700001,Downtown Manhattan,0,3,2
139,145,0.114313844980000,0.000346641730000,Long Island City/Hunters Point,145,Queens,-73.948892886699994,40.745387698800002,Queens,0,32,0
140,146,0.047140521570000,0.000104638920000,Long Island City/Queens Plaza,146,Queens,-73.934830317500001,40.754250787499998,Queens,0,6,0
141,147,0.058765494930000,0.000106418170000,Longwood,147,Bronx,-73.898957802499993,40.819684260400003,Bronx,0,0,0
142,148,0.039130501560000,0.000069748990000,Lower East Side,148,Manhattan,-73.990897705899997,40.718946617500002,Downtown Manhattan,0,15,4
143,149,0.083680582180000,0.000270639620000,Madison,149,Brooklyn,-73.948137018400004,40.604921832800002,Brooklyn,0,0,0
144,150,0.089331491180000,0.000332568040000,Manhattan Beach,150,Brooklyn,-73.943630142399996,40.580481506900000,Brooklyn,0,0,0
145,151,0.054889941100000,0.000128848900000,Manhattan Valley,151,Manhattan,-73.968169774700002,40.797970267499998,Upper West Side,0,18,0
146,152,0.057909476880000,0.000146637640000,Manhattanville,152,Manhattan,-73.953783675200000,40.817983426399998,Upper Manhattan,0,0,0
147,153,0.024737239020000,0.000032468500000,Marble Hill,153,Manhattan,-73.910380091899995,40.875976093900000,Upper Manhattan,0,0,0
148,154,0.227331570760000,0.001789686920000,Marine Park/Floyd Bennett Field,154,Brooklyn,-73.902597995199997,40.593579073199997,Brooklyn,0,0,0
149,155,0.169808473030000,0.000868261020000,Marine Park/Mill Basin,155,Brooklyn,-73.915278507400004,40.614599229600003,Brooklyn,0,0,0
150,156,0.144476890480000,0.001052121740000,Mariners Harbor,156,Staten Island,-74.167236836900003,40.631315927599999,Staten Island,0,0,1
151,157,0.131300217780000,0.000354370130000,Maspeth,157,Queens,-73.902331097300006,40.724003337200003,Queens,0,3,0
152,158,0.054809990550000,0.000185568250000,Meatpacking/West Village West,158,Manhattan,-74.008985555600006,40.735043661299997,Downtown Manhattan,0,23,0
153,159,0.064363233210000,0.000171249100000,Melrose South,159,Bronx,-73.912850823100001,40.818268027999999,Bronx,0,3,0
154,160,0.141519142970000,0.000571234980000,Middle Village,160,Queens,-73.880052816700001,40.718345031900000,Queens,0,0,0
155,161,0.035803910060000,0.000071913070000,Midtown Center,161,Manhattan,-73.977699373400000,40.758036309799998,Midtown Manhattan,0,11,0
156,162,0.035269814620000,0.000047893700000,Midtown East,162,Manhattan,-73.972357383900004,40.756695918399998,Midtown Manhattan,0,7,0
157,163,0.034176866980000,0.000040856780000,Midtown North,163,Manhattan,-73.977570124799996,40.764429673300000,Midtown Manhattan,0,24,0
158,164,0.035771611990000,0.000055631820000,Midtown South,164,Manhattan,-73.985157838700005,40.748582893500000,Midtown Manhattan,0,14,0
159,165,0.088608036210000,0.000353959320000,Midwood,165,Brooklyn,-73.956826033100000,40.620932288799999,Brooklyn,0,0,0
160,166,0.068823754290000,0.000255276270000,Morningside Heights,166,Manhattan,-73.961765037000006,40.809465238000001,Upper Manhattan,0,15,0
161,167,0.090815973730000,0.000167529390000,Morrisania/Melrose,167,Bronx,-73.902353197300002,40.827520839400002,Bronx,0,0,0
162,168,0.114517434160000,0.000547058100000,Mott Haven/Port Morris,168,Bronx,-73.916823363700004,40.807355445699997,Bronx,0,0,0
163,169,0.060104658030000,0.000146027540000,Mount Hope,169,Bronx,-73.905123643799996,40.849066663999999,Bronx,0,0,0
164,170,0.045769009110000,0.000074315070000,Murray Hill,170,Manhattan,-73.978493041500002,40.747754057900003,Midtown Manhattan,0,28,0
165,171,0.107353876240000,0.000520099540000,Murray Hill-Queens,171,Queens,-73.809547209900003,40.768359900500002,Queens,0,0,0
166,172,0.118476116150000,0.000658402500000,New Dorp/Midland Beach,172,Staten Island,-74.105020478900002,40.571777118200004,Staten Island,0,0,0
167,173,0.060063966140000,0.000178329850000,North Corona,173,Queens,-73.863038950000004,40.752587508300003,Queens,0,0,0
168,174,0.067817755960000,0.000155928660000,Norwood,174,Bronx,-73.879023670099997,40.877145895900000,Bronx,0,9,0
169,175,0.134897665100000,0.000504920730000,Oakland Gardens,175,Queens,-73.754623105899995,40.742680374499997,Queens,0,0,0
170,176,0.151995190700000,0.000657782130000,Oakwood,176,Staten Island,-74.122585506500002,40.562002457299997,Staten Island,0,0,0
171,177,0.071580540710000,0.000198894760000,Ocean Hill,177,Brooklyn,-73.913633552899995,40.676652353599998,Brooklyn,0,2,0
172,178,0.068252877070000,0.000175805410000,Ocean Parkway South,178,Brooklyn,-73.970327232599999,40.617323176100001,Brooklyn,0,0,0
173,179,0.071380864440000,0.000183893480000,Old Astoria,179,Queens,-73.928334614099995,40.771578514200002,Queens,0,0,0
174,180,0.080527767150000,0.000247682190000,Ozone Park,180,Queens,-73.847044568100003,40.675603245399998,Queens,0,1,0
175,181,0.089537239950000,0.000306890290000,Park Slope,181,Brooklyn,-73.981415178600002,40.670382574900003,Brooklyn,0,11,0
176,182,0.039360636950000,0.000091064420000,Parkchester,182,Bronx,-73.857988349099998,40.837756950399999,Bronx,0,0,0
177,183,0.039826296030000,0.000095192950000,Pelham Bay,183,Bronx,-73.831583200500006,40.849180906400001,Bronx,0,2,0
178,184,0.260815683040000,0.001988833630000,Pelham Bay Park,184,Bronx,-73.807858660700006,40.868284497300003,Bronx,0,0,0
179,185,0.086161968160000,0.000228537100000,Pelham Parkway,185,Bronx,-73.854395210700005,40.854413002100003,Bronx,0,0,0
180,186,0.024696390220000,0.000037072940000,Penn Station/Madison Sq West,186,Manhattan,-73.992438983300005,40.748505445299998,Midtown Manhattan,0,4,0
181,187,0.126868431320000,0.000421195760000,Port Richmond,187,Staten Island,-74.140788988799997,40.628175109600001,Staten Island,0,0,0
182,188,0.097798396840000,0.000313003030000,Prospect-Lefferts Gardens,188,Brooklyn,-73.947443071500004,40.658752698699999,Brooklyn,0,4,0
183,189,0.048674330650000,0.000101427590000,Prospect Heights,189,Brooklyn,-73.967588246299997,40.677643640200003,Brooklyn,0,4,0
184,190,0.074329466080000,0.000270873670000,Prospect Park,190,Brooklyn,-73.968915176199999,40.661630406000000,Brooklyn,0,0,10
185,191,0.130932637660000,0.000688460600000,Queens Village,191,Queens,-73.741533133900006,40.715462781500001,Queens,0,0,0
186,192,0.111964619710000,0.000373808020000,Queensboro Hill,192,Queens,-73.815230747699999,40.743759754599999,Queens,0,2,0
187,193,0.065529958480000,0.000145591660000,Queensbridge/Ravenswood,193,Queens,-73.941998489100001,40.760321902999998,Queens,0,0,0
188,194,0.081793835350000,0.000273481700000,Randalls Island,194,Manhattan,-73.924597727399998,40.791009056299998,Upper Manhattan,0,0,0
189,195,0.131308244070000,0.000801651950000,Red Hook,195,Brooklyn,-74.009179938399996,40.675557111300002,Brooklyn,0,4,0
190,196,0.083242110630000,0.000197471330000,Rego Park,196,Queens,-73.863339961700007,40.726163903600003,Queens,0,5,0
191,197,0.108568532230000,0.000504689160000,Richmond Hill,197,Queens,-73.830925465799993,40.694550613300002,Queens,0,2,0
192,198,0.134094242760000,0.000499809880000,Ridgewood,198,Queens,-73.901710679199994,40.706535053200000,Queens,0,2,0
193,199,0.077808500520000,0.000288747550000,Rikers Island,199,Bronx,-73.882659660700000,40.791141179100002,Bronx,0,0,0
194,200,0.112661735430000,0.000744643170000,Riverdale/North Riverdale/Fieldston,200,Bronx,-73.906988535799996,40.899537360799997,Bronx,0,0,0
195,201,0.130404117690000,0.000619350750000,Rockaway Park,201,Queens,-73.843454203099995,40.577990729400000,Queens,0,0,0
196,202,0.069921571260000,0.000106175400000,Roosevelt Island,202,Manhattan,-73.949953145199999,40.761908017899998,Midtown Manhattan,0,8,0
197,203,0.189937815870000,0.000615129860000,Rosedale,203,Queens,-73.739473919700004,40.657861672899998,Queens,0,0,0
198,204,0.101912418310000,0.000641384270000,Rossville/Woodrow,204,Staten Island,-74.207827586199997,40.540342220699998,Staten Island,0,0,0
199,205,0.141953388330000,0.000766216510000,Saint Albans,205,Queens,-73.763147494899997,40.691209707399999,Queens,0,0,0
200,206,0.212756793390000,0.000944392510000,Saint George/New Brighton,206,Staten Island,-74.102313978400005,40.638980443700000,Staten Island,0,5,0
201,207,0.028375683150000,0.000044723080000,Saint Michaels Cemetery/Woodside,207,Queens,-73.899353981800004,40.763993859000003,Queens,0,0,0
202,208,0.214721009580000,0.002020325990000,Schuylerville/Edgewater Park,208,Bronx,-73.823541515700001,40.823326868300001,Bronx,0,0,0
203,209,0.030695311350000,0.000038870340000,Seaport,209,Manhattan,-74.003666010800004,40.709080998499999,Downtown Manhattan,0,7,0
204,210,0.114851983370000,0.000453155130000,Sheepshead Bay,210,Brooklyn,-73.940508587200000,40.592031699300001,Brooklyn,0,2,0
205,211,0.025234508210000,0.000039729200000,SoHo,211,Manhattan,-74.001539013400006,40.723896368799998,Downtown Manhattan,0,8,0
206,212,0.067129065340000,0.000161276190000,Soundview/Bruckner,212,Bronx,-73.869681068899993,40.827910432300001,Bronx,0,0,0
207,213,0.159958783820000,0.000904077910000,Soundview/Castle Hill,213,Bronx,-73.858136395299994,40.817866839899999,Bronx,0,4,0
208,214,0.135300314250000,0.000811976520000,South Beach/Dongan Hills,214,Staten Island,-74.085513824600000,40.586794861900003,Staten Island,0,9,0
209,215,0.103556453630000,0.000395647020000,South Jamaica,215,Queens,-73.790965310800004,40.694435814400002,Queens,0,0,0
210,216,0.116797554680000,0.000816076650000,South Ozone Park,216,Queens,-73.819461023399995,40.676162292900003,Queens,0,0,0
211,217,0.055390525130000,0.000114733270000,South Williamsburg,217,Brooklyn,-73.958598277899995,40.703924696800001,Brooklyn,0,0,0
212,218,0.083700828100000,0.000281293740000,Springfield Gardens North,218,Queens,-73.773037027499996,40.672097963299997,Queens,0,0,0
213,219,0.155126669670000,0.000428176340000,Springfield Gardens South,219,Queens,-73.764507153699995,40.662193135599999,Queens,0,0,0
214,220,0.106015943270000,0.000313035740000,Spuyten Duyvil/Kingsbridge,220,Bronx,-73.910666103899999,40.882411406099997,Bronx,0,8,0
215,221,0.166218220850000,0.000890111570000,Stapleton,221,Staten Island,-74.073705909799997,40.618777514300000,Staten Island,0,0,0
216,222,0.048389352800000,0.000130268340000,Starrett City,222,Brooklyn,-73.882414330700001,40.647535282200003,Brooklyn,0,0,0
217,223,0.166021925280000,0.000764360700000,Steinway,223,Queens,-73.905409154300003,40.777435193099997,Queens,0,8,0
218,224,0.044020446280000,0.000098478700000,Stuy Town/Peter Cooper Village,224,Manhattan,-73.976599113500001,40.731828897200003,Midtown Manhattan,0,0,0
219,225,0.088799207330000,0.000310835400000,Stuyvesant Heights,225,Brooklyn,-73.931889687699993,40.688176441099998,Brooklyn,0,0,0
220,226,0.168957762040000,0.000761944150000,Sunnyside,226,Queens,-73.924674489799997,40.737707220600001,Queens,0,6,0
221,227,0.082830157080000,0.000268316530000,Sunset Park East,227,Brooklyn,-74.004653502899998,40.641894558300002,Brooklyn,0,0,0
222,228,0.177685177710000,0.000993414780000,Sunset Park West,228,Brooklyn,-74.011272616200003,40.652362893899998,Brooklyn,0,4,0
223,229,0.042525290010000,0.000094705820000,Sutton Place/Turtle Bay North,229,Manhattan,-73.965147237300002,40.756737208099999,Midtown Manhattan,0,37,0
224,230,0.031028309680000,0.000056091450000,Times Sq/Theatre District,230,Manhattan,-73.984197933499999,40.759825883600001,Midtown Manhattan,0,30,0
225,231,0.063420116560000,0.000166929750000,TriBeCa/Civic Center,231,Manhattan,-74.007881158100005,40.717780993600002,Downtown Manhattan,0,26,0
226,232,0.061470908530000,0.000216049970000,Two Bridges/Seward Park,232,Manhattan,-73.983025999600002,40.714740764500000,Downtown Manhattan,0,3,0
227,233,0.048035918290000,0.000116188090000,UN/Turtle Bay South,233,Manhattan,-73.970444008100003,40.749922342799998,Midtown Manhattan,0,17,4
228,234,0.036072199500000,0.000073105440000,Union Sq,234,Manhattan,-73.990459268699993,40.740345704100001,Midtown Manhattan,0,25,0
229,235,0.076166842650000,0.000212844550000,University Heights/Morris Heights,235,Bronx,-73.915976852800000,40.852529436200001,Bronx,0,0,0
230,236,0.044251922310000,0.000102864350000,Upper East Side North,236,Manhattan,-73.957013135300002,40.780444708600001,Upper East Side,0,33,0
231,237,0.042212600340000,0.000095987320000,Upper East Side South,237,Manhattan,-73.965635974300000,40.768623452600004,Upper East Side,0,44,0
232,238,0.060109311400000,0.000184763690000,Upper West Side North,238,Manhattan,-73.973050343400004,40.791713207400001,Upper West Side,1,30,0
233,239,0.063626115300000,0.000204715440000,Upper West Side South,239,Manhattan,-73.978633392500001,40.783969701600000,Upper West Side,0,13,4
234,240,0.146069764380000,0.000722130920000,Van Cortlandt Park,240,Bronx,-73.881979497399996,40.894607423799997,Bronx,0,0,0
235,241,0.068764577760000,0.000254676980000,Van Cortlandt Village,241,Bronx,-73.895621440900001,40.876520667699999,Bronx,0,0,0
236,242,0.138136446430000,0.000360072450000,Van Nest/Morris Park,242,Bronx,-73.850671983900000,40.846791183900002,Bronx,0,0,0
237,243,0.094331499940000,0.000438377340000,Washington Heights North,243,Manhattan,-73.932832921400006,40.857116570499997,Upper Manhattan,0,11,0
238,244,0.080568604460000,0.000359702750000,Washington Heights South,244,Manhattan,-73.941400541400000,40.841717054999997,Upper Manhattan,0,8,0
239,245,0.095983059660000,0.000466175410000,West Brighton,245,Staten Island,-74.102861584699994,40.630057628599999,Staten Island,0,2,0
240,246,0.069467193740000,0.000281298330000,West Chelsea/Hudson Yards,246,Manhattan,-74.004016575600005,40.753317330400002,Midtown Manhattan,0,20,0
241,247,0.092967858230000,0.000205617160000,West Concourse,247,Bronx,-73.924410162100003,40.828996512499998,Bronx,0,2,0
242,248,0.056919116770000,0.000149592770000,West Farms/Bronx River,248,Bronx,-73.872290685999999,40.834173601700002,Bronx,0,0,0
243,249,0.036384343650000,0.000072215600000,West Village,249,Manhattan,-74.002876407900004,40.734584268100001,Downtown Manhattan,0,7,0
244,250,0.079626346550000,0.000240975850000,Westchester Village/Unionport,250,Bronx,-73.848642105899998,40.832109944899997,Bronx,0,0,0
245,251,0.137711161100000,0.000625754980000,Westerleigh,251,Staten Island,-74.125349279199995,40.616888241100000,Staten Island,0,0,0
246,252,0.158004373560000,0.001025264060000,Whitestone,252,Queens,-73.815658204800002,40.788201294600000,Queens,0,0,0
247,253,0.036051499820000,0.000078339580000,Willets Point,253,Queens,-73.841245337600000,40.760639023700001,Queens,0,0,0
248,254,0.085886375490000,0.000360040220000,Williamsbridge/Olinville,254,Bronx,-73.858949651399996,40.882165377699998,Bronx,0,2,0
249,255,0.062384199770000,0.000172309180000,Williamsburg (North Side),255,Brooklyn,-73.957419564500000,40.718812177399997,Brooklyn,0,14,0
250,256,0.067914966960000,0.000168611100000,Williamsburg (South Side),256,Brooklyn,-73.959906060899996,40.710888191000002,Brooklyn,0,6,0
251,257,0.058669025980000,0.000138909470000,Windsor Terrace,257,Brooklyn,-73.977983849300003,40.653620117099997,Brooklyn,0,2,1
252,258,0.089013378770000,0.000366209620000,Woodhaven,258,Queens,-73.855768158800004,40.688729613900001,Queens,0,0,0
253,259,0.126750305190000,0.000394552490000,Woodlawn/Wakefield,259,Bronx,-73.852216864200003,40.897940323299999,Bronx,0,0,0
254,260,0.133514154640000,0.000422345330000,Woodside,260,Queens,-73.906307860499993,40.744242983900001,Queens,0,2,0
255,261,0.027120456360000,0.000034342320000,World Trade Center,261,Manhattan,-74.013024222300004,40.709147196099998,Downtown Manhattan,0,0,0
256,262,0.049063623150000,0.000122330270000,Yorkville East,262,Manhattan,-73.946511789300004,40.775940673999997,Upper East Side,0,24,0
257,263,0.037016625300000,0.000065769770000,Yorkville West,263,Manhattan,-73.951011309699993,40.778774126700000,Upper East Side,0,31,0